{
  "run_id": "20260529T180633-8a79f1",
  "generated_at": "2026-05-29T18:07:31.109604+00:00",
  "use_synthetic": true,
  "horizon": 12,
  "backtest_metrics": {
    "lgbm": {
      "mae": 15.409823569631689,
      "rmse": 20.564724404618552,
      "mape": 7.125499587480845
    },
    "sarima": {
      "mae": 41.141810983978736,
      "rmse": 49.87039583751259,
      "mape": 2.4145290565958346
    },
    "lstm": {
      "mae": 15.53287750983255,
      "rmse": 20.273182614293876,
      "mape": 7.478931160710321
    }
  },
  "n_procedure_forecast_rows": 2496,
  "n_equipment_forecast_rows": 2880,
  "scenarios": [
    "baseline",
    "backlog_clear",
    "capacity_cap"
  ]
}