{
  "run_id": "20260530T111620-731f3c",
  "generated_at": "2026-05-30T11:16:20.840058+00:00",
  "n_devices": 6,
  "n_events": 3530,
  "n_sessions": 1303,
  "n_device_days": 462,
  "horizon_days": 28,
  "backtest": {
    "model_kind": "negbin",
    "alpha": 0.0001,
    "n_test": 107,
    "pinball_p05": 0.1397,
    "pinball_p50": 0.7991,
    "pinball_p95": 0.4224,
    "pinball_p50_naive": 0.9112,
    "mae": 1.5233,
    "coverage_90": 0.8224
  },
  "portfolio_risk": {
    "expected_revenue_gbp": 710601.2630650001,
    "revenue_std_gbp": 11596.505633867524,
    "fixed_cost_gbp": 62730.00263157896,
    "expected_margin_gbp": 647871.2604334211,
    "var_loss_gbp": -627562.1053684211,
    "cvar_loss_gbp": -620188.9626184211,
    "prob_book_loss": 0.0,
    "alpha": 0.05,
    "n_devices": 4,
    "effective_n_independent": 2.07,
    "diversification_ratio": 0.516,
    "mean_operator_herfindahl": 0.6653,
    "n_devices_negative_margin": 0
  }
}